DOI,IC 1: Study Field,IC 2: Study Design,IC 3: Detector Design,IC 4: Dataset Collection,IC 5: Study Language,,EC 1: Study Field,EC 2: Study Design,EC3: Detector Design,EC 4: Dataset Collection,EC 5: Study Language,,IC 1: Study Field,IC 2: Study Design,IC 3: Detector Design,IC 4: Dataset Collection,IC 5: Study Language,,EC 1: Study Field,EC 2: Study Design,EC3: Detector Design,EC 4: Dataset Collection,EC 5: Study Language,Result,,,,,
10.1515/popets-2016-0009,TRUE,FALSE,FALSE,FALSE,FALSE,,FALSE,TRUE,FALSE,FALSE,FALSE,,TRUE,FALSE,FALSE,FALSE,FALSE,,FALSE,TRUE,FALSE,FALSE,FALSE,Same,,,,,
10.1016/j.comcom.2018.11.008,TRUE,FALSE,FALSE,FALSE,FALSE,,FALSE,TRUE,FALSE,FALSE,FALSE,,TRUE,FALSE,FALSE,FALSE,FALSE,,FALSE,TRUE,FALSE,FALSE,FALSE,Same,,,,,
10.1109/NTMS.2015.7266460,TRUE,FALSE,FALSE,FALSE,FALSE,,FALSE,TRUE,FALSE,FALSE,FALSE,,TRUE,FALSE,FALSE,FALSE,FALSE,,FALSE,TRUE,FALSE,FALSE,FALSE,Same,,,,,
10.1145/3338468.3356828,TRUE,FALSE,FALSE,FALSE,FALSE,,FALSE,TRUE,FALSE,FALSE,FALSE,,TRUE,FALSE,FALSE,FALSE,FALSE,,FALSE,TRUE,FALSE,FALSE,FALSE,Same,,,,,
10.2478/popets-2020-0016,TRUE,FALSE,FALSE,FALSE,FALSE,,FALSE,TRUE,FALSE,FALSE,FALSE,,TRUE,FALSE,FALSE,FALSE,FALSE,,FALSE,TRUE,FALSE,FALSE,FALSE,Same,,,,,
10.1016/j.comcom.2019.04.005,TRUE,FALSE,FALSE,FALSE,FALSE,,FALSE,TRUE,FALSE,FALSE,FALSE,,TRUE,FALSE,FALSE,FALSE,FALSE,,FALSE,TRUE,FALSE,FALSE,FALSE,Same,,,,,
10.1109/IC3SIS54991.2022.9885716,TRUE,FALSE,FALSE,FALSE,FALSE,,FALSE,TRUE,FALSE,FALSE,FALSE,,TRUE,FALSE,FALSE,FALSE,FALSE,,FALSE,TRUE,FALSE,FALSE,FALSE,Same,,,,,
10.1109/EuroSPW61312.2024.00040,TRUE,FALSE,FALSE,FALSE,FALSE,,FALSE,TRUE,FALSE,FALSE,FALSE,,TRUE,FALSE,FALSE,FALSE,FALSE,,FALSE,TRUE,FALSE,FALSE,FALSE,Same,,,,,
10.1109/ICTAI.2005.10,FALSE,FALSE,FALSE,FALSE,FALSE,,TRUE,FALSE,FALSE,FALSE,FALSE,,TRUE,FALSE,FALSE,FALSE,FALSE,,FALSE,TRUE,FALSE,FALSE,FALSE,Different,,,,,
10.1109/LCNSymposium47956.2019.9000671,TRUE,FALSE,FALSE,FALSE,FALSE,,FALSE,TRUE,FALSE,FALSE,FALSE,,TRUE,FALSE,FALSE,FALSE,FALSE,,FALSE,TRUE,FALSE,FALSE,FALSE,Same,,,,,
10.1109/GLOBECOM42002.2020.9322514,TRUE,TRUE,TRUE,TRUE,TRUE,,FALSE,FALSE,FALSE,FALSE,FALSE,,TRUE,TRUE,TRUE,TRUE,TRUE,,FALSE,FALSE,FALSE,FALSE,FALSE,Same,,,,,
10.1007/978-3-319-45744-4_12,TRUE,TRUE,TRUE,TRUE,TRUE,,FALSE,FALSE,FALSE,FALSE,FALSE,,TRUE,TRUE,TRUE,TRUE,TRUE,,FALSE,FALSE,FALSE,FALSE,FALSE,Same,,,,,
10.11591/ijece.v9i1.pp.602-612,TRUE,FALSE,FALSE,FALSE,FALSE,,FALSE,TRUE,FALSE,FALSE,FALSE,,TRUE,FALSE,FALSE,FALSE,FALSE,,FALSE,TRUE,FALSE,FALSE,FALSE,Same,,,,,
10.1109/ICMEAS52683.2021.9692370,TRUE,FALSE,FALSE,FALSE,FALSE,,FALSE,TRUE,FALSE,FALSE,FALSE,,TRUE,FALSE,FALSE,FALSE,FALSE,,FALSE,TRUE,FALSE,FALSE,FALSE,Same,,,,,
10.2478/popets-2019-0046,TRUE,FALSE,FALSE,FALSE,FALSE,,FALSE,TRUE,FALSE,FALSE,FALSE,,TRUE,FALSE,FALSE,FALSE,FALSE,,FALSE,TRUE,FALSE,FALSE,FALSE,Same,,,,,
10.1109/JPROC.2016.2637878,TRUE,FALSE,FALSE,FALSE,FALSE,,FALSE,TRUE,FALSE,FALSE,FALSE,,TRUE,FALSE,FALSE,FALSE,FALSE,,FALSE,TRUE,FALSE,FALSE,FALSE,Same,,,,,
10.1145/2457317.2457341,TRUE,FALSE,FALSE,FALSE,FALSE,,FALSE,TRUE,FALSE,FALSE,FALSE,,TRUE,FALSE,FALSE,FALSE,FALSE,,FALSE,TRUE,FALSE,FALSE,FALSE,Same,,,,,
10.1007/978-3-031-46677-9_8,FALSE,FALSE,FALSE,FALSE,FALSE,,TRUE,FALSE,FALSE,FALSE,FALSE,,FALSE,FALSE,FALSE,FALSE,FALSE,,TRUE,FALSE,FALSE,FALSE,FALSE,Same,,,,,
10.1109/BigData47090.2019.9006402,TRUE,FALSE,FALSE,FALSE,FALSE,,FALSE,TRUE,FALSE,FALSE,FALSE,,FALSE,FALSE,FALSE,FALSE,FALSE,,TRUE,FALSE,FALSE,FALSE,FALSE,Different,,,,,
10.1145/3091478.3091514,TRUE,FALSE,FALSE,FALSE,FALSE,,FALSE,TRUE,FALSE,FALSE,FALSE,,FALSE,FALSE,FALSE,FALSE,FALSE,,TRUE,FALSE,FALSE,FALSE,FALSE,Different,,,,,
10.1109/ISCAIE.2017.8074968,TRUE,FALSE,FALSE,FALSE,FALSE,,FALSE,TRUE,FALSE,FALSE,FALSE,,TRUE,FALSE,FALSE,FALSE,FALSE,,FALSE,TRUE,FALSE,FALSE,FALSE,Same,,,,,
10.1145/3576915.3623084,TRUE,TRUE,TRUE,TRUE,TRUE,,FALSE,FALSE,FALSE,FALSE,FALSE,,TRUE,TRUE,TRUE,TRUE,TRUE,,FALSE,FALSE,FALSE,FALSE,FALSE,Same,,,,,
10.1145/3589334.3645698,TRUE,TRUE,TRUE,TRUE,TRUE,,FALSE,FALSE,FALSE,FALSE,FALSE,,TRUE,TRUE,TRUE,TRUE,TRUE,,FALSE,FALSE,FALSE,FALSE,FALSE,Same,,,,,
10.1109/UEMCON47517.2019.8993052,TRUE,TRUE,TRUE,TRUE,TRUE,,FALSE,FALSE,FALSE,FALSE,FALSE,,TRUE,TRUE,TRUE,FALSE,FALSE,,FALSE,FALSE,FALSE,TRUE,FALSE,Different,,,,,
10.1109/INFORMATICS.2017.8327288,TRUE,FALSE,FALSE,FALSE,FALSE,,FALSE,TRUE,FALSE,FALSE,FALSE,,TRUE,FALSE,FALSE,FALSE,FALSE,,FALSE,TRUE,FALSE,FALSE,FALSE,Same,,,,,
10.1145/3319535.3354222,TRUE,FALSE,FALSE,FALSE,FALSE,,FALSE,TRUE,FALSE,FALSE,FALSE,,FALSE,FALSE,FALSE,FALSE,FALSE,,TRUE,FALSE,FALSE,FALSE,FALSE,Different,,,,,
10.1109/SPW.2019.00027,TRUE,FALSE,FALSE,FALSE,FALSE,,FALSE,TRUE,FALSE,FALSE,FALSE,,TRUE,FALSE,FALSE,FALSE,FALSE,,FALSE,TRUE,FALSE,FALSE,FALSE,Same,,,,,
10.1145/3559613.3563190,TRUE,FALSE,FALSE,FALSE,FALSE,,FALSE,TRUE,FALSE,FALSE,FALSE,,TRUE,FALSE,FALSE,FALSE,FALSE,,FALSE,TRUE,FALSE,FALSE,FALSE,Same,,,,,
10.1145/3485983.3494860,TRUE,FALSE,FALSE,FALSE,FALSE,,FALSE,TRUE,FALSE,FALSE,FALSE,,TRUE,FALSE,FALSE,FALSE,FALSE,,FALSE,TRUE,FALSE,FALSE,FALSE,Same,,,,,
10.1515/popets-2015-0018,TRUE,TRUE,TRUE,TRUE,TRUE,,FALSE,FALSE,FALSE,FALSE,FALSE,,TRUE,TRUE,TRUE,TRUE,TRUE,,FALSE,FALSE,FALSE,FALSE,FALSE,Same,,,,,
10.1145/3178876.3186087,TRUE,FALSE,FALSE,FALSE,FALSE,,FALSE,TRUE,FALSE,FALSE,FALSE,,TRUE,FALSE,FALSE,FALSE,FALSE,,FALSE,TRUE,FALSE,FALSE,FALSE,Same,,,,,
10.1109/PST.2008.10,TRUE,FALSE,FALSE,FALSE,FALSE,,FALSE,TRUE,FALSE,FALSE,FALSE,,TRUE,TRUE,TRUE,TRUE,TRUE,,FALSE,FALSE,FALSE,FALSE,FALSE,Different,,,,,
10.1145/3623382,TRUE,TRUE,FALSE,FALSE,FALSE,,FALSE,FALSE,TRUE,FALSE,FALSE,,TRUE,FALSE,FALSE,FALSE,FALSE,,FALSE,TRUE,FALSE,FALSE,FALSE,Different,,,,,
10.1007/978-3-031-20891-1_23,TRUE,FALSE,FALSE,FALSE,FALSE,,FALSE,TRUE,FALSE,FALSE,FALSE,,TRUE,FALSE,FALSE,FALSE,FALSE,,FALSE,TRUE,FALSE,FALSE,FALSE,Same,,,,,
10.1109/MS.2015.77,TRUE,FALSE,FALSE,FALSE,FALSE,,FALSE,TRUE,FALSE,FALSE,FALSE,,TRUE,FALSE,FALSE,FALSE,FALSE,,FALSE,TRUE,FALSE,FALSE,FALSE,Same,,,,,
10.1145/3139550.3139564,FALSE,FALSE,FALSE,FALSE,FALSE,,TRUE,FALSE,FALSE,FALSE,FALSE,,FALSE,FALSE,FALSE,FALSE,FALSE,,TRUE,FALSE,FALSE,FALSE,FALSE,Same,,,,,
10.1145/3603216.3624968,TRUE,FALSE,FALSE,FALSE,FALSE,,FALSE,TRUE,FALSE,FALSE,FALSE,,TRUE,FALSE,FALSE,FALSE,FALSE,,FALSE,TRUE,FALSE,FALSE,FALSE,Same,,,,,
10.1109/MIPRO60963.2024.10569215,TRUE,FALSE,FALSE,FALSE,FALSE,,FALSE,TRUE,FALSE,FALSE,FALSE,,TRUE,FALSE,FALSE,FALSE,FALSE,,FALSE,TRUE,FALSE,FALSE,FALSE,Same,,,,,
10.1109/PRDC.2015.29,TRUE,FALSE,FALSE,FALSE,FALSE,,FALSE,TRUE,FALSE,FALSE,FALSE,,TRUE,FALSE,FALSE,FALSE,FALSE,,FALSE,TRUE,FALSE,FALSE,FALSE,Same,,,,,
10.1145/2815675.2815705,TRUE,FALSE,FALSE,FALSE,FALSE,,FALSE,TRUE,FALSE,FALSE,FALSE,,TRUE,FALSE,FALSE,FALSE,FALSE,,FALSE,TRUE,FALSE,FALSE,FALSE,Same,,,,,
10.1145/3589335.3648322,TRUE,FALSE,FALSE,FALSE,FALSE,,FALSE,TRUE,FALSE,FALSE,FALSE,,TRUE,FALSE,FALSE,FALSE,FALSE,,FALSE,TRUE,FALSE,FALSE,FALSE,Same,,,,,
10.1007/978-3-030-12942-2_15,TRUE,FALSE,FALSE,FALSE,FALSE,,FALSE,TRUE,FALSE,FALSE,FALSE,,TRUE,FALSE,FALSE,FALSE,FALSE,,FALSE,TRUE,FALSE,FALSE,FALSE,Same,,,,,
10.1109/INFOCOM53939.2023.10228902,TRUE,TRUE,TRUE,TRUE,TRUE,,FALSE,FALSE,FALSE,FALSE,FALSE,,TRUE,TRUE,TRUE,TRUE,TRUE,,FALSE,FALSE,FALSE,FALSE,FALSE,Same,,,,,
10.1145/3543507.3583333,TRUE,TRUE,TRUE,TRUE,TRUE,,FALSE,FALSE,FALSE,FALSE,FALSE,,TRUE,TRUE,TRUE,TRUE,TRUE,,FALSE,FALSE,FALSE,FALSE,FALSE,Same,,,,,
10.1145/3359789.3359803,TRUE,FALSE,FALSE,FALSE,FALSE,,FALSE,TRUE,FALSE,FALSE,FALSE,,TRUE,FALSE,FALSE,FALSE,FALSE,,FALSE,TRUE,FALSE,FALSE,FALSE,Same,,,,,
10.1109/SP.2016.57,TRUE,FALSE,FALSE,FALSE,FALSE,,FALSE,TRUE,FALSE,FALSE,FALSE,,TRUE,FALSE,FALSE,FALSE,FALSE,,FALSE,TRUE,FALSE,FALSE,FALSE,Same,,,,,
10.1109/EuroSP57164.2023.00058,TRUE,FALSE,FALSE,FALSE,FALSE,,FALSE,TRUE,FALSE,FALSE,FALSE,,TRUE,FALSE,FALSE,FALSE,FALSE,,FALSE,TRUE,FALSE,FALSE,FALSE,Same,,,,,
10.1109/CEC.2012.15,TRUE,FALSE,FALSE,FALSE,FALSE,,FALSE,TRUE,FALSE,FALSE,FALSE,,TRUE,FALSE,FALSE,FALSE,FALSE,,FALSE,TRUE,FALSE,FALSE,FALSE,Same,,,,,
10.1007/978-3-319-99136-8_26,TRUE,TRUE,TRUE,TRUE,TRUE,,FALSE,FALSE,FALSE,FALSE,FALSE,,TRUE,FALSE,FALSE,FALSE,FALSE,,FALSE,TRUE,FALSE,FALSE,FALSE,Different,,,,*,
10.56553/popets-2025-0007,TRUE,TRUE,TRUE,TRUE,TRUE,,FALSE,FALSE,FALSE,FALSE,FALSE,,TRUE,TRUE,TRUE,TRUE,TRUE,,FALSE,FALSE,FALSE,FALSE,FALSE,Same,,,,,
10.1016/j.future.2017.12.061,TRUE,FALSE,FALSE,FALSE,FALSE,,FALSE,TRUE,FALSE,FALSE,FALSE,,TRUE,FALSE,FALSE,FALSE,FALSE,,FALSE,TRUE,FALSE,FALSE,FALSE,Same,,,,,
10.1109/EuroSP.2017.26,TRUE,FALSE,FALSE,FALSE,FALSE,,FALSE,TRUE,FALSE,FALSE,FALSE,,TRUE,FALSE,FALSE,FALSE,FALSE,,FALSE,TRUE,FALSE,FALSE,FALSE,Same,,,,,
10.1109/ICIT.2009.4939739,FALSE,FALSE,FALSE,FALSE,FALSE,,TRUE,FALSE,FALSE,FALSE,FALSE,,FALSE,FALSE,FALSE,FALSE,FALSE,,TRUE,FALSE,FALSE,FALSE,FALSE,Same,,,,,
10.1109/ISCO.2017.7855963,TRUE,FALSE,FALSE,FALSE,FALSE,,FALSE,TRUE,FALSE,FALSE,FALSE,,TRUE,FALSE,FALSE,FALSE,FALSE,,FALSE,TRUE,FALSE,FALSE,FALSE,Same,,,,,
10.1109/HPCC-DSS-SmartCity-DependSys53884.2021.00093,FALSE,FALSE,FALSE,FALSE,FALSE,,TRUE,FALSE,FALSE,FALSE,FALSE,,TRUE,TRUE,TRUE,TRUE,TRUE,,FALSE,FALSE,FALSE,FALSE,FALSE,Different,,,,*,
10.1007/978-3-319-11599-3_11,TRUE,FALSE,FALSE,FALSE,FALSE,,FALSE,TRUE,FALSE,FALSE,FALSE,,TRUE,FALSE,FALSE,FALSE,FALSE,,FALSE,TRUE,FALSE,FALSE,FALSE,Same,,,,,
10.1007/978-3-030-91356-4_9,TRUE,FALSE,FALSE,FALSE,FALSE,,FALSE,TRUE,FALSE,FALSE,FALSE,,TRUE,FALSE,FALSE,FALSE,FALSE,,FALSE,TRUE,FALSE,FALSE,FALSE,Same,,,,,
10.1109/CITS.2018.8440163,TRUE,FALSE,FALSE,FALSE,FALSE,,FALSE,TRUE,FALSE,FALSE,FALSE,,TRUE,FALSE,FALSE,FALSE,FALSE,,FALSE,TRUE,FALSE,FALSE,FALSE,Same,,,,,
10.1109/SP40000.2020.00018,TRUE,FALSE,FALSE,FALSE,FALSE,,FALSE,TRUE,FALSE,FALSE,FALSE,,TRUE,FALSE,FALSE,FALSE,FALSE,,FALSE,TRUE,FALSE,FALSE,FALSE,Same,,,,,
10.1587/transinf.2016ICP0020,TRUE,TRUE,FALSE,FALSE,FALSE,,FALSE,FALSE,TRUE,FALSE,FALSE,,TRUE,TRUE,TRUE,TRUE,TRUE,,FALSE,FALSE,FALSE,FALSE,FALSE,Different,,,,*,
10.1145/3548606.3560641,TRUE,FALSE,FALSE,FALSE,FALSE,,FALSE,TRUE,FALSE,FALSE,FALSE,,TRUE,FALSE,FALSE,FALSE,FALSE,,FALSE,TRUE,FALSE,FALSE,FALSE,Same,,,,,
10.1007/978-3-030-55958-8_10,TRUE,FALSE,FALSE,FALSE,FALSE,,FALSE,TRUE,FALSE,FALSE,FALSE,,TRUE,FALSE,FALSE,FALSE,FALSE,,FALSE,TRUE,FALSE,FALSE,FALSE,Same,,,,,
10.1145/3447535.3462509,TRUE,TRUE,TRUE,TRUE,TRUE,,FALSE,FALSE,FALSE,FALSE,FALSE,,TRUE,TRUE,TRUE,TRUE,TRUE,,FALSE,FALSE,FALSE,FALSE,FALSE,Same,,,,,
10.1109/CCST.2017.8167846,TRUE,FALSE,FALSE,FALSE,FALSE,,FALSE,TRUE,FALSE,FALSE,FALSE,,FALSE,FALSE,FALSE,FALSE,FALSE,,TRUE,FALSE,FALSE,FALSE,FALSE,Different,,,,,
10.56553/popets-2024-0086,TRUE,FALSE,FALSE,FALSE,FALSE,,FALSE,TRUE,FALSE,FALSE,FALSE,,TRUE,FALSE,FALSE,FALSE,FALSE,,FALSE,TRUE,FALSE,FALSE,FALSE,Same,,,,,
10.1145/3243734.3243796,TRUE,FALSE,FALSE,FALSE,FALSE,,FALSE,TRUE,FALSE,FALSE,FALSE,,TRUE,FALSE,FALSE,FALSE,FALSE,,FALSE,TRUE,FALSE,FALSE,FALSE,Same,,,,,
10.1109/TNSM.2021.3072874,TRUE,TRUE,TRUE,TRUE,TRUE,,FALSE,FALSE,FALSE,FALSE,FALSE,,TRUE,TRUE,TRUE,TRUE,TRUE,,FALSE,FALSE,FALSE,FALSE,FALSE,Same,,,,,
10.1145/3577923.3583638,TRUE,FALSE,FALSE,FALSE,FALSE,,FALSE,TRUE,FALSE,FALSE,FALSE,,TRUE,FALSE,FALSE,FALSE,FALSE,,FALSE,TRUE,FALSE,FALSE,FALSE,Same,,,,,
10.1109/ICISSEC.2015.7370988,TRUE,FALSE,FALSE,FALSE,FALSE,,FALSE,TRUE,FALSE,FALSE,FALSE,,TRUE,FALSE,FALSE,FALSE,FALSE,,FALSE,TRUE,FALSE,FALSE,FALSE,Same,,,,,
10.1007/978-3-030-41579-2_31,TRUE,FALSE,FALSE,FALSE,FALSE,,FALSE,TRUE,FALSE,FALSE,FALSE,,TRUE,FALSE,FALSE,FALSE,FALSE,,FALSE,TRUE,FALSE,FALSE,FALSE,Same,,,,,
10.1007/978-3-319-62105-0_8,TRUE,FALSE,FALSE,FALSE,FALSE,,FALSE,TRUE,FALSE,FALSE,FALSE,,TRUE,FALSE,FALSE,FALSE,FALSE,,FALSE,TRUE,FALSE,FALSE,FALSE,Same,,,,,
10.1109/SP.2013.43,TRUE,FALSE,FALSE,FALSE,FALSE,,FALSE,TRUE,FALSE,FALSE,FALSE,,TRUE,FALSE,FALSE,FALSE,FALSE,,FALSE,TRUE,FALSE,FALSE,FALSE,Same,,,,,
10.1145/3419473,TRUE,FALSE,FALSE,FALSE,FALSE,,FALSE,TRUE,FALSE,FALSE,FALSE,,TRUE,FALSE,FALSE,FALSE,FALSE,,FALSE,TRUE,FALSE,FALSE,FALSE,Same,,,,,
10.1145/2736277.2741679,TRUE,FALSE,FALSE,FALSE,FALSE,,FALSE,TRUE,FALSE,FALSE,FALSE,,TRUE,FALSE,FALSE,FALSE,FALSE,,FALSE,TRUE,FALSE,FALSE,FALSE,Same,,,,,
10.1109/NBiS.2014.102,TRUE,FALSE,FALSE,FALSE,FALSE,,FALSE,TRUE,FALSE,FALSE,FALSE,,TRUE,FALSE,FALSE,FALSE,FALSE,,FALSE,TRUE,FALSE,FALSE,FALSE,Same,,,,,
10.1109/SIN60469.2023.10475119,TRUE,FALSE,FALSE,FALSE,FALSE,,FALSE,TRUE,FALSE,FALSE,FALSE,,TRUE,FALSE,FALSE,FALSE,FALSE,,FALSE,TRUE,FALSE,FALSE,FALSE,Same,,,,,
10.1109/TPS-ISA48467.2019.00028,TRUE,FALSE,FALSE,FALSE,FALSE,,FALSE,TRUE,FALSE,FALSE,FALSE,,TRUE,FALSE,FALSE,FALSE,FALSE,,FALSE,TRUE,FALSE,FALSE,FALSE,Same,,,,,
10.1109/TR.2024.3355233,TRUE,TRUE,TRUE,TRUE,TRUE,,FALSE,FALSE,FALSE,FALSE,FALSE,,TRUE,TRUE,TRUE,TRUE,TRUE,,FALSE,FALSE,FALSE,FALSE,FALSE,Same,,,,,
10.5555/3620237.3620440,TRUE,FALSE,FALSE,FALSE,FALSE,,FALSE,TRUE,FALSE,FALSE,FALSE,,TRUE,FALSE,FALSE,FALSE,FALSE,,FALSE,TRUE,FALSE,FALSE,FALSE,Same,,,,,
10.2478/popets-2021-0033,TRUE,FALSE,FALSE,FALSE,FALSE,,FALSE,TRUE,FALSE,FALSE,FALSE,,TRUE,FALSE,FALSE,FALSE,FALSE,,FALSE,TRUE,FALSE,FALSE,FALSE,Same,,,,,
10.23919/CNSM50824.2020.9269094,TRUE,FALSE,FALSE,FALSE,FALSE,,FALSE,TRUE,FALSE,FALSE,FALSE,,TRUE,FALSE,FALSE,FALSE,FALSE,,FALSE,TRUE,FALSE,FALSE,FALSE,Same,,,,,
10.1109/TNSM.2022.3179267,TRUE,FALSE,FALSE,FALSE,FALSE,,FALSE,TRUE,FALSE,FALSE,FALSE,,TRUE,FALSE,FALSE,FALSE,FALSE,,FALSE,TRUE,FALSE,FALSE,FALSE,Same,,,,,
10.5555/2228298.2228315,TRUE,FALSE,FALSE,FALSE,FALSE,,FALSE,TRUE,FALSE,FALSE,FALSE,,TRUE,FALSE,FALSE,FALSE,FALSE,,FALSE,TRUE,FALSE,FALSE,FALSE,Same,,,,,
10.1109/INFOCOMMST.2016.7905341,TRUE,TRUE,TRUE,TRUE,TRUE,,FALSE,FALSE,FALSE,FALSE,FALSE,,TRUE,TRUE,TRUE,TRUE,TRUE,,FALSE,FALSE,FALSE,FALSE,FALSE,Same,,,,,
10.1007/978-3-031-56326-3_10,TRUE,TRUE,TRUE,TRUE,TRUE,,FALSE,FALSE,FALSE,FALSE,FALSE,,TRUE,TRUE,TRUE,TRUE,TRUE,,FALSE,FALSE,FALSE,FALSE,FALSE,Same,,,,,
10.5220/0006375701670177,TRUE,FALSE,FALSE,FALSE,FALSE,,FALSE,TRUE,FALSE,FALSE,FALSE,,TRUE,FALSE,FALSE,FALSE,FALSE,,FALSE,TRUE,FALSE,FALSE,FALSE,Same,,,,,
10.1145/3447535.3462497,TRUE,FALSE,FALSE,FALSE,FALSE,,FALSE,TRUE,FALSE,FALSE,FALSE,,TRUE,FALSE,FALSE,FALSE,FALSE,,FALSE,TRUE,FALSE,FALSE,FALSE,Same,,,,,
10.1145/2994620.2994621,TRUE,FALSE,FALSE,FALSE,FALSE,,FALSE,TRUE,FALSE,FALSE,FALSE,,TRUE,FALSE,FALSE,FALSE,FALSE,,FALSE,TRUE,FALSE,FALSE,FALSE,Same,,,,,
10.1145/3366423.3380161,TRUE,FALSE,FALSE,FALSE,FALSE,,FALSE,TRUE,FALSE,FALSE,FALSE,,TRUE,FALSE,FALSE,FALSE,FALSE,,FALSE,TRUE,FALSE,FALSE,FALSE,Same,,,,,
10.1109/DSC47296.2019.8937592,TRUE,FALSE,FALSE,FALSE,FALSE,,FALSE,TRUE,FALSE,FALSE,FALSE,,TRUE,FALSE,FALSE,FALSE,FALSE,,FALSE,TRUE,FALSE,FALSE,FALSE,Same,,,,,
10.1109/ICDCS60910.2024.00127,FALSE,FALSE,FALSE,FALSE,FALSE,,TRUE,FALSE,FALSE,FALSE,FALSE,,TRUE,FALSE,FALSE,FALSE,FALSE,,FALSE,TRUE,FALSE,FALSE,FALSE,Different,,,,,
https://doi.org/10.48550/arXiv.2402.08031,TRUE,TRUE,TRUE,TRUE,TRUE,,FALSE,FALSE,FALSE,FALSE,FALSE,,TRUE,TRUE,TRUE,TRUE,TRUE,,FALSE,FALSE,FALSE,FALSE,FALSE,Same,,,,,
10.1016/j.comcom.2023.08.017,TRUE,TRUE,TRUE,TRUE,TRUE,,FALSE,FALSE,FALSE,FALSE,FALSE,,TRUE,TRUE,TRUE,TRUE,TRUE,,FALSE,FALSE,FALSE,FALSE,FALSE,Same,,,,,
10.3390/app13053191,TRUE,FALSE,FALSE,FALSE,FALSE,,FALSE,TRUE,FALSE,FALSE,FALSE,,TRUE,FALSE,FALSE,FALSE,FALSE,,FALSE,TRUE,FALSE,FALSE,FALSE,Same,,,,,
10.1109/CANDAR.2017.26,TRUE,FALSE,FALSE,FALSE,FALSE,,FALSE,TRUE,FALSE,FALSE,FALSE,,TRUE,TRUE,TRUE,FALSE,FALSE,,FALSE,FALSE,FALSE,TRUE,FALSE,Different,,,,*,
10.3390/technologies8020018,TRUE,FALSE,FALSE,FALSE,FALSE,,FALSE,TRUE,FALSE,FALSE,FALSE,,TRUE,FALSE,FALSE,FALSE,FALSE,,FALSE,TRUE,FALSE,FALSE,FALSE,Same,,,,,
10.1109/WI.2016.0061,TRUE,FALSE,FALSE,FALSE,FALSE,,FALSE,TRUE,FALSE,FALSE,FALSE,,TRUE,FALSE,FALSE,FALSE,FALSE,,FALSE,TRUE,FALSE,FALSE,FALSE,Same,,,,,
10.1109/ACCESS.2023.3247863,TRUE,FALSE,FALSE,FALSE,FALSE,,FALSE,TRUE,FALSE,FALSE,FALSE,,TRUE,FALSE,FALSE,FALSE,FALSE,,FALSE,TRUE,FALSE,FALSE,FALSE,Same,,,,,
10.1145/3548606.3560576,TRUE,FALSE,FALSE,FALSE,FALSE,,FALSE,TRUE,FALSE,FALSE,FALSE,,TRUE,FALSE,FALSE,FALSE,FALSE,,FALSE,TRUE,FALSE,FALSE,FALSE,Same,,,,,
10.1109/EuroSPW54576.2021.00011,TRUE,TRUE,FALSE,FALSE,FALSE,,FALSE,FALSE,TRUE,FALSE,FALSE,,TRUE,FALSE,FALSE,FALSE,FALSE,,FALSE,TRUE,FALSE,FALSE,FALSE,Different,,,,*,
10.1109/IMIS.2016.108,TRUE,FALSE,FALSE,FALSE,FALSE,,FALSE,TRUE,FALSE,FALSE,FALSE,,TRUE,FALSE,FALSE,FALSE,FALSE,,FALSE,TRUE,FALSE,FALSE,FALSE,Same,,,,,
10.1145/3485447.3512223,TRUE,FALSE,FALSE,FALSE,FALSE,,FALSE,TRUE,FALSE,FALSE,FALSE,,TRUE,FALSE,FALSE,FALSE,FALSE,,FALSE,TRUE,FALSE,FALSE,FALSE,Same,,,,,
10.56553/popets-2024-0147,TRUE,FALSE,FALSE,FALSE,FALSE,,FALSE,TRUE,FALSE,FALSE,FALSE,,TRUE,FALSE,FALSE,FALSE,FALSE,,FALSE,TRUE,FALSE,FALSE,FALSE,Same,,,,,
10.1109/ICITST.2013.6750244,TRUE,FALSE,FALSE,FALSE,FALSE,,FALSE,TRUE,FALSE,FALSE,FALSE,,TRUE,FALSE,FALSE,FALSE,FALSE,,FALSE,TRUE,FALSE,FALSE,FALSE,Same,,,,,
10.5555/3361338.3361455,TRUE,FALSE,FALSE,FALSE,FALSE,,FALSE,TRUE,FALSE,FALSE,FALSE,,TRUE,FALSE,FALSE,FALSE,FALSE,,FALSE,TRUE,FALSE,FALSE,FALSE,Same,,,,,
10.1145/3193111.3193117,TRUE,FALSE,FALSE,FALSE,FALSE,,FALSE,TRUE,FALSE,FALSE,FALSE,,TRUE,FALSE,FALSE,FALSE,FALSE,,FALSE,TRUE,FALSE,FALSE,FALSE,Same,,,,,
10.1080/24701475.2019.1671074,TRUE,FALSE,FALSE,FALSE,FALSE,,FALSE,TRUE,FALSE,FALSE,FALSE,,TRUE,FALSE,FALSE,FALSE,FALSE,,FALSE,TRUE,FALSE,FALSE,FALSE,Same,,,,,
10.1007/978-3-031-28486-1_26,TRUE,FALSE,FALSE,FALSE,FALSE,,FALSE,TRUE,FALSE,FALSE,FALSE,,TRUE,FALSE,FALSE,FALSE,FALSE,,FALSE,TRUE,FALSE,FALSE,FALSE,Same,,,,,
10.1145/2534169.2486032,TRUE,FALSE,FALSE,FALSE,FALSE,,FALSE,TRUE,FALSE,FALSE,FALSE,,FALSE,FALSE,FALSE,FALSE,FALSE,,TRUE,FALSE,FALSE,FALSE,FALSE,Different,,,,,
10.1145/3038912.3052596,TRUE,FALSE,FALSE,FALSE,FALSE,,FALSE,TRUE,FALSE,FALSE,FALSE,,TRUE,FALSE,FALSE,FALSE,FALSE,,FALSE,TRUE,FALSE,FALSE,FALSE,Same,,,,,
10.5220/0006210404640473,TRUE,FALSE,FALSE,FALSE,FALSE,,FALSE,TRUE,FALSE,FALSE,FALSE,,TRUE,FALSE,FALSE,FALSE,FALSE,,FALSE,TRUE,FALSE,FALSE,FALSE,Same,,,,,
10.1109/SP46215.2023.10179437,TRUE,FALSE,FALSE,FALSE,FALSE,,FALSE,TRUE,FALSE,FALSE,FALSE,,TRUE,FALSE,FALSE,FALSE,FALSE,,FALSE,TRUE,FALSE,FALSE,FALSE,Same,,,,,
10.1145/3158372,TRUE,FALSE,FALSE,FALSE,FALSE,,FALSE,TRUE,FALSE,FALSE,FALSE,,TRUE,FALSE,FALSE,FALSE,FALSE,,FALSE,TRUE,FALSE,FALSE,FALSE,Same,,,,,
10.1007/978-981-16-9576-6_17,TRUE,FALSE,FALSE,FALSE,FALSE,,FALSE,TRUE,FALSE,FALSE,FALSE,,TRUE,FALSE,FALSE,FALSE,FALSE,,FALSE,TRUE,FALSE,FALSE,FALSE,Same,,,,,
10.1145/3559613.3563193,TRUE,FALSE,FALSE,FALSE,FALSE,,FALSE,TRUE,FALSE,FALSE,FALSE,,TRUE,FALSE,FALSE,FALSE,FALSE,,FALSE,TRUE,FALSE,FALSE,FALSE,Same,,,,,
10.1109/SP40001.2021.00017,TRUE,TRUE,TRUE,TRUE,TRUE,,FALSE,FALSE,FALSE,FALSE,FALSE,,TRUE,TRUE,TRUE,TRUE,TRUE,,FALSE,FALSE,FALSE,FALSE,FALSE,Same,,,,,
10.1007/978-3-662-47854-7_7,TRUE,FALSE,FALSE,FALSE,FALSE,,FALSE,TRUE,FALSE,FALSE,FALSE,,TRUE,FALSE,FALSE,FALSE,FALSE,,FALSE,TRUE,FALSE,FALSE,FALSE,Same,,,,,
10.1109/DINWC.2015.7054224,TRUE,FALSE,FALSE,FALSE,FALSE,,FALSE,TRUE,FALSE,FALSE,FALSE,,FALSE,FALSE,FALSE,FALSE,FALSE,,TRUE,FALSE,FALSE,FALSE,FALSE,Different,,,,,
10.1145/2998181.2998316,TRUE,FALSE,FALSE,FALSE,FALSE,,FALSE,TRUE,FALSE,FALSE,FALSE,,TRUE,FALSE,FALSE,FALSE,FALSE,,FALSE,TRUE,FALSE,FALSE,FALSE,Same,,,,,
10.1109/EuroSPW.2018.00020,TRUE,FALSE,FALSE,FALSE,FALSE,,FALSE,TRUE,FALSE,FALSE,FALSE,,TRUE,FALSE,FALSE,FALSE,FALSE,,FALSE,TRUE,FALSE,FALSE,FALSE,Same,,,,,
10.1007/978-3-319-24177-7_1,TRUE,FALSE,FALSE,FALSE,FALSE,,FALSE,TRUE,FALSE,FALSE,FALSE,,TRUE,FALSE,FALSE,FALSE,FALSE,,FALSE,TRUE,FALSE,FALSE,FALSE,Same,,,,,
https://doi.org/10.48550/arXiv.2406.07647,FALSE,FALSE,FALSE,FALSE,FALSE,,TRUE,FALSE,FALSE,FALSE,FALSE,,FALSE,FALSE,FALSE,FALSE,FALSE,,TRUE,FALSE,FALSE,FALSE,FALSE,Same,,,,,
10.2478/popets-2022-0056,TRUE,TRUE,TRUE,TRUE,TRUE,,FALSE,FALSE,FALSE,FALSE,FALSE,,TRUE,TRUE,TRUE,TRUE,TRUE,,FALSE,FALSE,FALSE,FALSE,FALSE,Same,,,,,
10.5555/3277203.3277215,TRUE,FALSE,FALSE,FALSE,FALSE,,FALSE,TRUE,FALSE,FALSE,FALSE,,TRUE,FALSE,FALSE,FALSE,FALSE,,FALSE,TRUE,FALSE,FALSE,FALSE,Same,,,,,
10.1109/SP.2018.00008,TRUE,FALSE,FALSE,FALSE,FALSE,,FALSE,TRUE,FALSE,FALSE,FALSE,,TRUE,FALSE,FALSE,FALSE,FALSE,,FALSE,TRUE,FALSE,FALSE,FALSE,Same,,,,,
10.56553/popets-2024-0092,TRUE,TRUE,TRUE,TRUE,TRUE,,FALSE,FALSE,FALSE,FALSE,FALSE,,TRUE,FALSE,FALSE,FALSE,FALSE,,FALSE,TRUE,FALSE,FALSE,FALSE,Different,,,,*,
10.1007/978-981-16-9229-1_4,TRUE,TRUE,TRUE,TRUE,TRUE,,FALSE,FALSE,FALSE,FALSE,FALSE,,TRUE,FALSE,FALSE,FALSE,FALSE,,FALSE,TRUE,FALSE,FALSE,FALSE,Different,,,,taint analysis -> pure algorithm,
10.1007/978-3-319-20810-7_21,TRUE,TRUE,TRUE,TRUE,TRUE,,FALSE,FALSE,FALSE,FALSE,FALSE,,TRUE,FALSE,FALSE,FALSE,FALSE,,FALSE,TRUE,FALSE,FALSE,FALSE,Different,,,,*,discuss validity
10.1007/978-3-319-62105-0_7,TRUE,FALSE,FALSE,FALSE,FALSE,,FALSE,TRUE,FALSE,FALSE,FALSE,,TRUE,FALSE,FALSE,FALSE,FALSE,,FALSE,TRUE,FALSE,FALSE,FALSE,Same,,,,,
10.1109/ICCCN58024.2023.10230168,TRUE,TRUE,FALSE,FALSE,FALSE,,FALSE,FALSE,TRUE,FALSE,FALSE,,TRUE,TRUE,TRUE,TRUE,TRUE,,FALSE,FALSE,FALSE,FALSE,FALSE,Different,,,,,
10.5555/3665482.3665490,TRUE,FALSE,FALSE,FALSE,FALSE,,FALSE,TRUE,FALSE,FALSE,FALSE,,TRUE,FALSE,FALSE,FALSE,FALSE,,FALSE,TRUE,FALSE,FALSE,FALSE,Same,,,,,
https://doi.org/10.48550/arXiv.2410.23504,TRUE,FALSE,FALSE,FALSE,FALSE,,FALSE,TRUE,FALSE,FALSE,FALSE,,TRUE,FALSE,FALSE,FALSE,FALSE,,FALSE,TRUE,FALSE,FALSE,FALSE,Same,,,,,
10.1145/3634737.3657028,TRUE,FALSE,FALSE,FALSE,FALSE,,FALSE,TRUE,FALSE,FALSE,FALSE,,TRUE,FALSE,FALSE,FALSE,FALSE,,FALSE,TRUE,FALSE,FALSE,FALSE,Same,,,,,
10.1007/978-3-031-26422-1_17,TRUE,FALSE,FALSE,FALSE,FALSE,,FALSE,TRUE,FALSE,FALSE,FALSE,,TRUE,FALSE,FALSE,FALSE,FALSE,,FALSE,TRUE,FALSE,FALSE,FALSE,Same,,,,,
10.1109/TrustCom50675.2020.00094,FALSE,FALSE,FALSE,FALSE,FALSE,,TRUE,FALSE,FALSE,FALSE,FALSE,,FALSE,FALSE,FALSE,FALSE,FALSE,,TRUE,FALSE,FALSE,FALSE,FALSE,Same,,,,,
10.1145/3178876.3186097,TRUE,FALSE,FALSE,FALSE,FALSE,,FALSE,TRUE,FALSE,FALSE,FALSE,,TRUE,FALSE,FALSE,FALSE,FALSE,,FALSE,TRUE,FALSE,FALSE,FALSE,Same,,,,,
,TRUE,FALSE,FALSE,FALSE,FALSE,,FALSE,TRUE,FALSE,FALSE,FALSE,,TRUE,FALSE,FALSE,FALSE,FALSE,,FALSE,TRUE,FALSE,FALSE,FALSE,Same,,,,,
10.1145/3555050.3569131,TRUE,FALSE,FALSE,FALSE,FALSE,,FALSE,TRUE,FALSE,FALSE,FALSE,,TRUE,FALSE,FALSE,FALSE,FALSE,,FALSE,TRUE,FALSE,FALSE,FALSE,Same,,,,,
10.1145/3278532.3278573,TRUE,FALSE,FALSE,FALSE,FALSE,,FALSE,TRUE,FALSE,FALSE,FALSE,,TRUE,FALSE,FALSE,FALSE,FALSE,,FALSE,TRUE,FALSE,FALSE,FALSE,Same,,,,,
10.56553/popets-2025-0038,TRUE,FALSE,FALSE,FALSE,FALSE,,FALSE,TRUE,FALSE,FALSE,FALSE,,TRUE,FALSE,FALSE,FALSE,FALSE,,FALSE,TRUE,FALSE,FALSE,FALSE,Same,,,,,
10.1145/3133956.3134005,FALSE,FALSE,FALSE,FALSE,FALSE,,TRUE,FALSE,FALSE,FALSE,FALSE,,FALSE,FALSE,FALSE,FALSE,FALSE,,TRUE,FALSE,FALSE,FALSE,FALSE,Same,,,,,
10.1177/2053951714564228,TRUE,FALSE,FALSE,FALSE,FALSE,,FALSE,TRUE,FALSE,FALSE,FALSE,,TRUE,FALSE,FALSE,FALSE,FALSE,,FALSE,TRUE,FALSE,FALSE,FALSE,Same,,,,,
10.1109/CSF.2013.23,TRUE,FALSE,FALSE,FALSE,FALSE,,FALSE,TRUE,FALSE,FALSE,FALSE,,TRUE,FALSE,FALSE,FALSE,FALSE,,FALSE,TRUE,FALSE,FALSE,FALSE,Same,,,,,
10.1109/ACCESS.2018.2869251,TRUE,FALSE,FALSE,FALSE,FALSE,,FALSE,TRUE,FALSE,FALSE,FALSE,,TRUE,FALSE,FALSE,FALSE,FALSE,,FALSE,TRUE,FALSE,FALSE,FALSE,Same,,,,,
https://doi.org/10.48550/arXiv.2409.15656,TRUE,FALSE,FALSE,FALSE,FALSE,,FALSE,TRUE,FALSE,FALSE,FALSE,,TRUE,FALSE,FALSE,FALSE,FALSE,,FALSE,TRUE,FALSE,FALSE,FALSE,Same,,,,,
10.14722/ndss.2015.23027,FALSE,FALSE,FALSE,FALSE,FALSE,,TRUE,FALSE,FALSE,FALSE,FALSE,,TRUE,FALSE,FALSE,FALSE,FALSE,,FALSE,TRUE,FALSE,FALSE,FALSE,Different,,,,,
10.1145/2665943.2665968,TRUE,FALSE,FALSE,FALSE,FALSE,,FALSE,TRUE,FALSE,FALSE,FALSE,,TRUE,FALSE,FALSE,FALSE,FALSE,,FALSE,TRUE,FALSE,FALSE,FALSE,Same,,,,,
10.2478/popets-2020-0079,TRUE,FALSE,FALSE,FALSE,FALSE,,FALSE,TRUE,FALSE,FALSE,FALSE,,TRUE,FALSE,FALSE,FALSE,FALSE,,FALSE,TRUE,FALSE,FALSE,FALSE,Same,,,,,
10.1007/978-3-030-12085-6_8,TRUE,FALSE,FALSE,FALSE,FALSE,,FALSE,TRUE,FALSE,FALSE,FALSE,,TRUE,FALSE,FALSE,FALSE,FALSE,,FALSE,TRUE,FALSE,FALSE,FALSE,Same,,,,,
10.1007/s10207-024-00886-0,TRUE,FALSE,FALSE,FALSE,FALSE,,FALSE,TRUE,FALSE,FALSE,FALSE,,TRUE,FALSE,FALSE,FALSE,FALSE,,FALSE,TRUE,FALSE,FALSE,FALSE,Same,,,,,
10.1108/00012530710752052,TRUE,FALSE,FALSE,FALSE,FALSE,,FALSE,TRUE,FALSE,FALSE,FALSE,,FALSE,FALSE,FALSE,FALSE,FALSE,,TRUE,FALSE,FALSE,FALSE,FALSE,Different,,,,,
10.1109/BigDataSecurity.2017.40,TRUE,FALSE,FALSE,FALSE,FALSE,,FALSE,TRUE,FALSE,FALSE,FALSE,,TRUE,FALSE,FALSE,FALSE,FALSE,,FALSE,TRUE,FALSE,FALSE,FALSE,Same,,,,,
10.5555/3241094.3241172,TRUE,FALSE,FALSE,FALSE,FALSE,,FALSE,TRUE,FALSE,FALSE,FALSE,,TRUE,FALSE,FALSE,FALSE,FALSE,,FALSE,TRUE,FALSE,FALSE,FALSE,Same,,,,,
10.1145/3630202.3630236,TRUE,FALSE,FALSE,FALSE,FALSE,,FALSE,TRUE,FALSE,FALSE,FALSE,,TRUE,FALSE,FALSE,FALSE,FALSE,,FALSE,TRUE,FALSE,FALSE,FALSE,Same,,,,,
10.5220/0011965600003555,TRUE,TRUE,TRUE,TRUE,TRUE,,FALSE,FALSE,FALSE,FALSE,FALSE,,TRUE,FALSE,FALSE,FALSE,FALSE,,FALSE,TRUE,FALSE,FALSE,FALSE,Different,,,,,
10.1007/978-3-319-93411-2_13,TRUE,TRUE,TRUE,TRUE,TRUE,,FALSE,FALSE,FALSE,FALSE,FALSE,,TRUE,FALSE,FALSE,FALSE,FALSE,,FALSE,TRUE,FALSE,FALSE,FALSE,Different,,,,,
10.1145/2666652.2666662,TRUE,FALSE,FALSE,FALSE,FALSE,,FALSE,TRUE,FALSE,FALSE,FALSE,,TRUE,TRUE,TRUE,TRUE,TRUE,,FALSE,FALSE,FALSE,FALSE,FALSE,Different,,,,*,
10.1007/978-3-319-30505-9_4,TRUE,TRUE,TRUE,TRUE,TRUE,,FALSE,FALSE,FALSE,FALSE,FALSE,,TRUE,TRUE,TRUE,TRUE,TRUE,,FALSE,FALSE,FALSE,FALSE,FALSE,Same,,,,,
10.2478/popets-2020-0041,TRUE,FALSE,FALSE,FALSE,FALSE,,FALSE,TRUE,FALSE,FALSE,FALSE,,TRUE,FALSE,FALSE,FALSE,FALSE,,FALSE,TRUE,FALSE,FALSE,FALSE,Same,,,,,
10.1007/978-3-030-15986-3_17,TRUE,FALSE,FALSE,FALSE,FALSE,,FALSE,TRUE,FALSE,FALSE,FALSE,,TRUE,FALSE,FALSE,FALSE,FALSE,,FALSE,TRUE,FALSE,FALSE,FALSE,Same,,,,,
10.1145/3485447.3512231,TRUE,FALSE,FALSE,FALSE,FALSE,,FALSE,TRUE,FALSE,FALSE,FALSE,,TRUE,FALSE,FALSE,FALSE,FALSE,,FALSE,TRUE,FALSE,FALSE,FALSE,Same,,,,,
10.1109/ElConRus54750.2022.9755595,TRUE,FALSE,FALSE,FALSE,FALSE,,FALSE,TRUE,FALSE,FALSE,FALSE,,TRUE,FALSE,FALSE,FALSE,FALSE,,FALSE,TRUE,FALSE,FALSE,FALSE,Same,,,,,
10.1109/PST.2014.6890923,TRUE,FALSE,FALSE,FALSE,FALSE,,FALSE,TRUE,FALSE,FALSE,FALSE,,TRUE,FALSE,FALSE,FALSE,FALSE,,FALSE,TRUE,FALSE,FALSE,FALSE,Same,,,,,
10.2478/popets-2020-0038,TRUE,FALSE,FALSE,FALSE,FALSE,,FALSE,TRUE,FALSE,FALSE,FALSE,,TRUE,FALSE,FALSE,FALSE,FALSE,,FALSE,TRUE,FALSE,FALSE,FALSE,Same,,,,,
10.1109/EuroSP48549.2020.00013,TRUE,FALSE,FALSE,FALSE,FALSE,,FALSE,TRUE,FALSE,FALSE,FALSE,,TRUE,FALSE,FALSE,FALSE,FALSE,,FALSE,TRUE,FALSE,FALSE,FALSE,Same,,,,,
10.56553/popets-2022-0063,TRUE,FALSE,FALSE,FALSE,FALSE,,FALSE,TRUE,FALSE,FALSE,FALSE,,TRUE,FALSE,FALSE,FALSE,FALSE,,FALSE,TRUE,FALSE,FALSE,FALSE,Same,,,,,
10.1145/2996466,TRUE,FALSE,FALSE,FALSE,FALSE,,FALSE,TRUE,FALSE,FALSE,FALSE,,TRUE,FALSE,FALSE,FALSE,FALSE,,FALSE,TRUE,FALSE,FALSE,FALSE,Same,,,,,
10.1007/978-3-030-35653-8_33,TRUE,FALSE,FALSE,FALSE,FALSE,,FALSE,TRUE,FALSE,FALSE,FALSE,,TRUE,FALSE,FALSE,FALSE,FALSE,,FALSE,TRUE,FALSE,FALSE,FALSE,Same,,,,,
10.1007/978-3-030-93956-4_2,TRUE,FALSE,FALSE,FALSE,FALSE,,FALSE,TRUE,FALSE,FALSE,FALSE,,TRUE,FALSE,FALSE,FALSE,FALSE,,FALSE,TRUE,FALSE,FALSE,FALSE,Same,,,,,
10.1145/3543507.3583372,TRUE,TRUE,TRUE,TRUE,TRUE,,FALSE,FALSE,FALSE,FALSE,FALSE,,TRUE,TRUE,TRUE,TRUE,TRUE,,FALSE,FALSE,FALSE,FALSE,FALSE,Same,,,,,
10.1109/QRS-C.2019.00042,TRUE,FALSE,FALSE,FALSE,FALSE,,FALSE,TRUE,FALSE,FALSE,FALSE,,TRUE,FALSE,FALSE,FALSE,FALSE,,FALSE,TRUE,FALSE,FALSE,FALSE,Same,,,,,
10.2478/popets-2022-0012,TRUE,FALSE,FALSE,FALSE,FALSE,,FALSE,TRUE,FALSE,FALSE,FALSE,,TRUE,FALSE,FALSE,FALSE,FALSE,,FALSE,TRUE,FALSE,FALSE,FALSE,Same,,,,,
10.1145/3360774.3360830,TRUE,FALSE,FALSE,FALSE,FALSE,,FALSE,TRUE,FALSE,FALSE,FALSE,,TRUE,FALSE,FALSE,FALSE,FALSE,,FALSE,TRUE,FALSE,FALSE,FALSE,Same,,,,,
10.1007/978-3-030-31500-9_6,TRUE,FALSE,FALSE,FALSE,FALSE,,FALSE,TRUE,FALSE,FALSE,FALSE,,TRUE,FALSE,FALSE,FALSE,FALSE,,FALSE,TRUE,FALSE,FALSE,FALSE,Same,,,,,
10.1109/MASCOTS56607.2022.00014,TRUE,FALSE,FALSE,FALSE,FALSE,,FALSE,TRUE,FALSE,FALSE,FALSE,,FALSE,FALSE,FALSE,FALSE,FALSE,,TRUE,FALSE,FALSE,FALSE,FALSE,Different,,,,,
10.1145/2680821.2680837,TRUE,FALSE,FALSE,FALSE,FALSE,,FALSE,TRUE,FALSE,FALSE,FALSE,,TRUE,FALSE,FALSE,FALSE,FALSE,,FALSE,TRUE,FALSE,FALSE,FALSE,Same,,,,,
10.1145/2808138.2808140,TRUE,FALSE,FALSE,FALSE,FALSE,,FALSE,TRUE,FALSE,FALSE,FALSE,,TRUE,FALSE,FALSE,FALSE,FALSE,,FALSE,TRUE,FALSE,FALSE,FALSE,Same,,,,,
10.56553/popets-2023-0098,TRUE,FALSE,FALSE,FALSE,FALSE,,FALSE,TRUE,FALSE,FALSE,FALSE,,TRUE,FALSE,FALSE,FALSE,FALSE,,FALSE,TRUE,FALSE,FALSE,FALSE,Same,,,,,
10.1109/MSP.2013.160,TRUE,FALSE,FALSE,FALSE,FALSE,,FALSE,TRUE,FALSE,FALSE,FALSE,,TRUE,FALSE,FALSE,FALSE,FALSE,,FALSE,TRUE,FALSE,FALSE,FALSE,Same,,,,,
10.1109/MedHocNet.2016.7528432,TRUE,FALSE,FALSE,FALSE,FALSE,,FALSE,TRUE,FALSE,FALSE,FALSE,,TRUE,FALSE,FALSE,FALSE,FALSE,,FALSE,TRUE,FALSE,FALSE,FALSE,Same,,,,,
10.1016/j.comcom.2016.12.016,TRUE,FALSE,FALSE,FALSE,FALSE,,FALSE,TRUE,FALSE,FALSE,FALSE,,TRUE,FALSE,FALSE,FALSE,FALSE,,FALSE,TRUE,FALSE,FALSE,FALSE,Same,,,,,
10.1080/15332861.2011.558454,TRUE,FALSE,FALSE,FALSE,FALSE,,FALSE,TRUE,FALSE,FALSE,FALSE,,TRUE,FALSE,FALSE,FALSE,FALSE,,FALSE,TRUE,FALSE,FALSE,FALSE,Same,,,,,
10.1145/2976749.2978313,TRUE,FALSE,FALSE,FALSE,FALSE,,FALSE,TRUE,FALSE,FALSE,FALSE,,TRUE,FALSE,FALSE,FALSE,FALSE,,FALSE,TRUE,FALSE,FALSE,FALSE,Same,,,,,
10.1109/SP46215.2023.10179385,TRUE,FALSE,FALSE,FALSE,FALSE,,FALSE,TRUE,FALSE,FALSE,FALSE,,TRUE,FALSE,FALSE,FALSE,FALSE,,FALSE,TRUE,FALSE,FALSE,FALSE,Same,,,,,
10.1016/j.ins.2016.12.036,TRUE,FALSE,FALSE,FALSE,FALSE,,FALSE,TRUE,FALSE,FALSE,FALSE,,TRUE,FALSE,FALSE,FALSE,FALSE,,FALSE,TRUE,FALSE,FALSE,FALSE,Same,,,,,
10.5555/3489146.3489172,TRUE,FALSE,FALSE,FALSE,FALSE,,FALSE,TRUE,FALSE,FALSE,FALSE,,TRUE,FALSE,FALSE,FALSE,FALSE,,FALSE,TRUE,FALSE,FALSE,FALSE,Same,,,,,
10.1109/TKDE.2022.3201058,TRUE,FALSE,FALSE,FALSE,FALSE,,FALSE,TRUE,FALSE,FALSE,FALSE,,TRUE,FALSE,FALSE,FALSE,FALSE,,FALSE,TRUE,FALSE,FALSE,FALSE,Same,,,,,
,TRUE,FALSE,FALSE,FALSE,FALSE,,FALSE,TRUE,FALSE,FALSE,FALSE,,TRUE,FALSE,FALSE,FALSE,FALSE,,FALSE,TRUE,FALSE,FALSE,FALSE,Same,,,,,
10.5555/3620237.3620634,TRUE,FALSE,FALSE,FALSE,FALSE,,FALSE,TRUE,FALSE,FALSE,FALSE,,TRUE,FALSE,FALSE,FALSE,FALSE,,FALSE,TRUE,FALSE,FALSE,FALSE,Same,,,,,
10.1109/IConEEI55709.2022.9972261,TRUE,FALSE,FALSE,FALSE,FALSE,,FALSE,TRUE,FALSE,FALSE,FALSE,,TRUE,FALSE,FALSE,FALSE,FALSE,,FALSE,TRUE,FALSE,FALSE,FALSE,Same,,,,,
10.1007/978-3-642-20769-3_20,TRUE,FALSE,FALSE,FALSE,FALSE,,FALSE,TRUE,FALSE,FALSE,FALSE,,TRUE,FALSE,FALSE,FALSE,FALSE,,FALSE,TRUE,FALSE,FALSE,FALSE,Same,,,,,
10.1145/3548606.3560626,TRUE,FALSE,FALSE,FALSE,FALSE,,FALSE,TRUE,FALSE,FALSE,FALSE,,TRUE,FALSE,FALSE,FALSE,FALSE,,FALSE,TRUE,FALSE,FALSE,FALSE,Same,,,,,
10.1007/978-3-031-46664-9_30,TRUE,FALSE,FALSE,FALSE,FALSE,,FALSE,TRUE,FALSE,FALSE,FALSE,,TRUE,FALSE,FALSE,FALSE,FALSE,,FALSE,TRUE,FALSE,FALSE,FALSE,Same,,,,,
10.1145/3442381.3450048,TRUE,FALSE,FALSE,FALSE,FALSE,,FALSE,TRUE,FALSE,FALSE,FALSE,,TRUE,FALSE,FALSE,FALSE,FALSE,,FALSE,TRUE,FALSE,FALSE,FALSE,Same,,,,,
10.1007/978-3-031-68024-3_9,TRUE,FALSE,FALSE,FALSE,FALSE,,FALSE,TRUE,FALSE,FALSE,FALSE,,TRUE,FALSE,FALSE,FALSE,FALSE,,FALSE,TRUE,FALSE,FALSE,FALSE,Same,,,,,
10.56553/popets-2023-0002,TRUE,FALSE,FALSE,FALSE,FALSE,,FALSE,TRUE,FALSE,FALSE,FALSE,,TRUE,FALSE,FALSE,FALSE,FALSE,,FALSE,TRUE,FALSE,FALSE,FALSE,Same,,,,,
10.1109/CCECE.2016.7726741,TRUE,FALSE,FALSE,FALSE,FALSE,,FALSE,TRUE,FALSE,FALSE,FALSE,,TRUE,FALSE,FALSE,FALSE,FALSE,,FALSE,TRUE,FALSE,FALSE,FALSE,Same,,,,,
10.1109/SIN60469.2023.10474822,TRUE,FALSE,FALSE,FALSE,FALSE,,FALSE,TRUE,FALSE,FALSE,FALSE,,TRUE,FALSE,FALSE,FALSE,FALSE,,FALSE,TRUE,FALSE,FALSE,FALSE,Same,,,,,
10.1109/IACS.2015.7103210,TRUE,FALSE,FALSE,FALSE,FALSE,,FALSE,TRUE,FALSE,FALSE,FALSE,,TRUE,FALSE,FALSE,FALSE,FALSE,,FALSE,TRUE,FALSE,FALSE,FALSE,Same,,,,,
10.1016/j.comcom.2018.09.002,TRUE,FALSE,FALSE,FALSE,FALSE,,FALSE,TRUE,FALSE,FALSE,FALSE,,TRUE,FALSE,FALSE,FALSE,FALSE,,FALSE,TRUE,FALSE,FALSE,FALSE,Same,,,,,
10.1007/978-3-319-94496-8_6,TRUE,FALSE,FALSE,FALSE,FALSE,,FALSE,TRUE,FALSE,FALSE,FALSE,,TRUE,FALSE,FALSE,FALSE,FALSE,,FALSE,TRUE,FALSE,FALSE,FALSE,Same,,,,,
10.1007/978-3-319-67280-9_10,TRUE,FALSE,FALSE,FALSE,FALSE,,FALSE,TRUE,FALSE,FALSE,FALSE,,TRUE,FALSE,FALSE,FALSE,FALSE,,FALSE,TRUE,FALSE,FALSE,FALSE,Same,,,,,
10.1145/2736277.2741090,TRUE,FALSE,FALSE,FALSE,FALSE,,FALSE,TRUE,FALSE,FALSE,FALSE,,TRUE,FALSE,FALSE,FALSE,FALSE,,FALSE,TRUE,FALSE,FALSE,FALSE,Same,,,,,
10.1007/978-3-642-31680-7_2,TRUE,FALSE,FALSE,FALSE,FALSE,,FALSE,TRUE,FALSE,FALSE,FALSE,,TRUE,FALSE,FALSE,FALSE,FALSE,,FALSE,TRUE,FALSE,FALSE,FALSE,Same,,,,,
10.1109/BDAI56143.2022.9862682,TRUE,FALSE,FALSE,FALSE,FALSE,,FALSE,TRUE,FALSE,FALSE,FALSE,,TRUE,FALSE,FALSE,FALSE,FALSE,,FALSE,TRUE,FALSE,FALSE,FALSE,Same,,,,,
10.1145/2789187.2789199,TRUE,FALSE,FALSE,FALSE,FALSE,,FALSE,TRUE,FALSE,FALSE,FALSE,,TRUE,FALSE,FALSE,FALSE,FALSE,,FALSE,TRUE,FALSE,FALSE,FALSE,Same,,,,,
10.1145/1135777.1135884,TRUE,FALSE,FALSE,FALSE,FALSE,,FALSE,TRUE,FALSE,FALSE,FALSE,,TRUE,FALSE,FALSE,FALSE,FALSE,,FALSE,TRUE,FALSE,FALSE,FALSE,Same,,,,,
10.1108/OIR-02-2018-0056,TRUE,FALSE,FALSE,FALSE,FALSE,,FALSE,TRUE,FALSE,FALSE,FALSE,,TRUE,FALSE,FALSE,FALSE,FALSE,,FALSE,TRUE,FALSE,FALSE,FALSE,Same,,,,,
10.1109/CONISOFT58849.2023.00028,TRUE,FALSE,FALSE,FALSE,FALSE,,FALSE,TRUE,FALSE,FALSE,FALSE,,TRUE,FALSE,FALSE,FALSE,FALSE,,FALSE,TRUE,FALSE,FALSE,FALSE,Same,,,,,
10.1007/978-3-662-47854-7_13,TRUE,FALSE,FALSE,FALSE,FALSE,,FALSE,TRUE,FALSE,FALSE,FALSE,,TRUE,FALSE,FALSE,FALSE,FALSE,,FALSE,TRUE,FALSE,FALSE,FALSE,Same,,,,,
https://doi.org/10.48550/arXiv.2308.03417,TRUE,TRUE,TRUE,TRUE,TRUE,,FALSE,FALSE,FALSE,FALSE,FALSE,,TRUE,TRUE,TRUE,TRUE,TRUE,,FALSE,FALSE,FALSE,FALSE,FALSE,Same,,,,,
10.1007/978-3-319-66399-9_2,TRUE,FALSE,FALSE,FALSE,FALSE,,FALSE,TRUE,FALSE,FALSE,FALSE,,TRUE,FALSE,FALSE,FALSE,FALSE,,FALSE,TRUE,FALSE,FALSE,FALSE,Same,,,,,
10.1007/978-3-030-96791-8_19,FALSE,FALSE,FALSE,FALSE,FALSE,,TRUE,FALSE,FALSE,FALSE,FALSE,,FALSE,FALSE,FALSE,FALSE,FALSE,,TRUE,FALSE,FALSE,FALSE,FALSE,Same,,,,,
10.1145/3675400,TRUE,FALSE,FALSE,FALSE,FALSE,,FALSE,TRUE,FALSE,FALSE,FALSE,,TRUE,FALSE,FALSE,FALSE,FALSE,,FALSE,TRUE,FALSE,FALSE,FALSE,Same,,,,,
10.1007/978-3-319-13257-0_18,TRUE,FALSE,FALSE,FALSE,FALSE,,FALSE,TRUE,FALSE,FALSE,FALSE,,TRUE,FALSE,FALSE,FALSE,FALSE,,FALSE,TRUE,FALSE,FALSE,FALSE,Same,,,,,
10.5555/3361338.3361453,TRUE,FALSE,FALSE,FALSE,FALSE,,FALSE,TRUE,FALSE,FALSE,FALSE,,TRUE,FALSE,FALSE,FALSE,FALSE,,FALSE,TRUE,FALSE,FALSE,FALSE,Same,,,,,
10.5220/0005741301380145,TRUE,FALSE,FALSE,FALSE,FALSE,,FALSE,TRUE,FALSE,FALSE,FALSE,,TRUE,FALSE,FALSE,FALSE,FALSE,,FALSE,TRUE,FALSE,FALSE,FALSE,Same,,,,,
10.1109/BWCCA.2015.106,TRUE,FALSE,FALSE,FALSE,FALSE,,FALSE,TRUE,FALSE,FALSE,FALSE,,TRUE,FALSE,FALSE,FALSE,FALSE,,FALSE,TRUE,FALSE,FALSE,FALSE,Same,,,,,
10.1109/DSN.2014.93,TRUE,FALSE,FALSE,FALSE,FALSE,,FALSE,TRUE,FALSE,FALSE,FALSE,,TRUE,FALSE,FALSE,FALSE,FALSE,,FALSE,TRUE,FALSE,FALSE,FALSE,Same,,,,,
10.1109/HORA55278.2022.9800050,TRUE,FALSE,FALSE,FALSE,FALSE,,FALSE,TRUE,FALSE,FALSE,FALSE,,TRUE,FALSE,FALSE,FALSE,FALSE,,FALSE,TRUE,FALSE,FALSE,FALSE,Same,,,,,
10.1007/978-3-031-45642-8_16,TRUE,FALSE,FALSE,FALSE,FALSE,,FALSE,TRUE,FALSE,FALSE,FALSE,,TRUE,FALSE,FALSE,FALSE,FALSE,,FALSE,TRUE,FALSE,FALSE,FALSE,Same,,,,,
10.1109/EuroSPW51379.2020.00048,TRUE,FALSE,FALSE,FALSE,FALSE,,FALSE,TRUE,FALSE,FALSE,FALSE,,TRUE,FALSE,FALSE,FALSE,FALSE,,FALSE,TRUE,FALSE,FALSE,FALSE,Same,,,,,
https://doi.org/10.48550/arXiv.2405.05196,TRUE,FALSE,FALSE,FALSE,FALSE,,FALSE,TRUE,FALSE,FALSE,FALSE,,TRUE,FALSE,FALSE,FALSE,FALSE,,FALSE,TRUE,FALSE,FALSE,FALSE,Same,,,,,
10.1007/978-3-319-26096-9_19,TRUE,FALSE,FALSE,FALSE,FALSE,,FALSE,TRUE,FALSE,FALSE,FALSE,,TRUE,FALSE,FALSE,FALSE,FALSE,,FALSE,TRUE,FALSE,FALSE,FALSE,Same,,,,,
10.1145/3630590.3630599,TRUE,FALSE,FALSE,FALSE,FALSE,,FALSE,TRUE,FALSE,FALSE,FALSE,,TRUE,FALSE,FALSE,FALSE,FALSE,,FALSE,TRUE,FALSE,FALSE,FALSE,Same,,,,,
10.1145/3366423.3380221,TRUE,FALSE,FALSE,FALSE,FALSE,,FALSE,TRUE,FALSE,FALSE,FALSE,,TRUE,FALSE,FALSE,FALSE,FALSE,,FALSE,TRUE,FALSE,FALSE,FALSE,Same,,,,,
10.1109/i-Society.2016.7854198,TRUE,FALSE,FALSE,FALSE,FALSE,,FALSE,TRUE,FALSE,FALSE,FALSE,,TRUE,FALSE,FALSE,FALSE,FALSE,,FALSE,TRUE,FALSE,FALSE,FALSE,Same,,,,,
10.1109/WI-IAT.2014.104,TRUE,FALSE,FALSE,FALSE,FALSE,,FALSE,TRUE,FALSE,FALSE,FALSE,,TRUE,FALSE,FALSE,FALSE,FALSE,,FALSE,TRUE,FALSE,FALSE,FALSE,Same,,,,,
10.5220/0011787300003405,TRUE,TRUE,TRUE,TRUE,TRUE,,FALSE,FALSE,FALSE,FALSE,FALSE,,TRUE,TRUE,TRUE,TRUE,TRUE,,FALSE,FALSE,FALSE,FALSE,FALSE,Same,,,,,
10.1145/3355369.3355583,TRUE,FALSE,FALSE,FALSE,FALSE,,FALSE,TRUE,FALSE,FALSE,FALSE,,TRUE,FALSE,FALSE,FALSE,FALSE,,FALSE,TRUE,FALSE,FALSE,FALSE,Same,,,,,
10.1145/3646548.3672591,TRUE,FALSE,FALSE,FALSE,FALSE,,FALSE,TRUE,FALSE,FALSE,FALSE,,TRUE,FALSE,FALSE,FALSE,FALSE,,FALSE,TRUE,FALSE,FALSE,FALSE,Same,,,,,
10.1109/SP54263.2024.00118,TRUE,FALSE,FALSE,FALSE,FALSE,,FALSE,TRUE,FALSE,FALSE,FALSE,,TRUE,FALSE,FALSE,FALSE,FALSE,,FALSE,TRUE,FALSE,FALSE,FALSE,Same,,,,,
,TRUE,FALSE,FALSE,FALSE,FALSE,,FALSE,TRUE,FALSE,FALSE,FALSE,,TRUE,FALSE,FALSE,FALSE,FALSE,,FALSE,TRUE,FALSE,FALSE,FALSE,Same,,,,,
10.56553/popets-2024-0125,TRUE,TRUE,FALSE,FALSE,FALSE,,FALSE,FALSE,TRUE,FALSE,FALSE,,TRUE,FALSE,FALSE,FALSE,FALSE,,FALSE,TRUE,FALSE,FALSE,FALSE,Different,,,,*,
10.1145/3178876.3186162,TRUE,FALSE,FALSE,FALSE,FALSE,,FALSE,TRUE,FALSE,FALSE,FALSE,,TRUE,FALSE,FALSE,FALSE,FALSE,,FALSE,TRUE,FALSE,FALSE,FALSE,Same,,,,,
10.1145/3463676.3485599,TRUE,FALSE,FALSE,FALSE,FALSE,,FALSE,TRUE,FALSE,FALSE,FALSE,,TRUE,FALSE,FALSE,FALSE,FALSE,,FALSE,TRUE,FALSE,FALSE,FALSE,Same,,,,,
10.1145/3543507.3583311,TRUE,FALSE,FALSE,FALSE,FALSE,,FALSE,TRUE,FALSE,FALSE,FALSE,,TRUE,FALSE,FALSE,FALSE,FALSE,,FALSE,TRUE,FALSE,FALSE,FALSE,Same,,,,,
10.1145/3038912.3052657,FALSE,FALSE,FALSE,FALSE,FALSE,,TRUE,FALSE,FALSE,FALSE,FALSE,,FALSE,FALSE,FALSE,FALSE,FALSE,,TRUE,FALSE,FALSE,FALSE,FALSE,Same,,,,,
10.1007/978-3-319-17172-2_8,TRUE,FALSE,FALSE,FALSE,FALSE,,FALSE,TRUE,FALSE,FALSE,FALSE,,TRUE,FALSE,FALSE,FALSE,FALSE,,FALSE,TRUE,FALSE,FALSE,FALSE,Same,,,,,
10.1093/jigpal/jzw041,TRUE,FALSE,FALSE,FALSE,FALSE,,FALSE,TRUE,FALSE,FALSE,FALSE,,TRUE,FALSE,FALSE,FALSE,FALSE,,FALSE,TRUE,FALSE,FALSE,FALSE,Same,,,,,
10.1145/2660267.2660347,TRUE,FALSE,FALSE,FALSE,FALSE,,FALSE,TRUE,FALSE,FALSE,FALSE,,TRUE,FALSE,FALSE,FALSE,FALSE,,FALSE,TRUE,FALSE,FALSE,FALSE,Same,,,,,
10.1145/3243734.3243860,TRUE,FALSE,FALSE,FALSE,FALSE,,FALSE,TRUE,FALSE,FALSE,FALSE,,TRUE,FALSE,FALSE,FALSE,FALSE,,FALSE,TRUE,FALSE,FALSE,FALSE,Same,,,,,
10.1007/978-981-97-3289-0_48,TRUE,FALSE,FALSE,FALSE,FALSE,,FALSE,TRUE,FALSE,FALSE,FALSE,,TRUE,FALSE,FALSE,FALSE,FALSE,,FALSE,TRUE,FALSE,FALSE,FALSE,Same,,,,,
10.1109/LCN.2016.14,TRUE,FALSE,FALSE,FALSE,FALSE,,FALSE,TRUE,FALSE,FALSE,FALSE,,TRUE,FALSE,FALSE,FALSE,FALSE,,FALSE,TRUE,FALSE,FALSE,FALSE,Same,,,,,
10.1109/SP.2012.47,TRUE,FALSE,FALSE,FALSE,FALSE,,FALSE,TRUE,FALSE,FALSE,FALSE,,TRUE,FALSE,FALSE,FALSE,FALSE,,FALSE,TRUE,FALSE,FALSE,FALSE,Same,,,,,
10.1145/352600.352606,TRUE,FALSE,FALSE,FALSE,FALSE,,FALSE,TRUE,FALSE,FALSE,FALSE,,TRUE,FALSE,FALSE,FALSE,FALSE,,FALSE,TRUE,FALSE,FALSE,FALSE,Same,,,,,
10.1145/3267323.3268959,TRUE,FALSE,FALSE,FALSE,FALSE,,FALSE,TRUE,FALSE,FALSE,FALSE,,TRUE,FALSE,FALSE,FALSE,FALSE,,FALSE,TRUE,FALSE,FALSE,FALSE,Same,,,,,
10.1007/978-981-15-4825-3_14,TRUE,FALSE,FALSE,FALSE,FALSE,,FALSE,TRUE,FALSE,FALSE,FALSE,,TRUE,FALSE,FALSE,FALSE,FALSE,,FALSE,TRUE,FALSE,FALSE,FALSE,Same,,,,,
10.1109/THS.2013.6698968,TRUE,FALSE,FALSE,FALSE,FALSE,,FALSE,TRUE,FALSE,FALSE,FALSE,,TRUE,FALSE,FALSE,FALSE,FALSE,,FALSE,TRUE,FALSE,FALSE,FALSE,Same,,,,,
10.1109/IWMN.2017.8078365,TRUE,FALSE,FALSE,FALSE,FALSE,,FALSE,TRUE,FALSE,FALSE,FALSE,,TRUE,FALSE,FALSE,FALSE,FALSE,,FALSE,TRUE,FALSE,FALSE,FALSE,Same,,,,,
10.1145/3372799.3394372,TRUE,FALSE,FALSE,FALSE,FALSE,,FALSE,TRUE,FALSE,FALSE,FALSE,,TRUE,FALSE,FALSE,FALSE,FALSE,,FALSE,TRUE,FALSE,FALSE,FALSE,Same,,,,,
10.1007/978-3-030-21752-5_1,TRUE,FALSE,FALSE,FALSE,FALSE,,FALSE,TRUE,FALSE,FALSE,FALSE,,TRUE,FALSE,FALSE,FALSE,FALSE,,FALSE,TRUE,FALSE,FALSE,FALSE,Same,,,,,
10.1145/3442381.3450050,TRUE,FALSE,FALSE,FALSE,FALSE,,FALSE,TRUE,FALSE,FALSE,FALSE,,TRUE,FALSE,FALSE,FALSE,FALSE,,FALSE,TRUE,FALSE,FALSE,FALSE,Same,,,,,
10.1007/978-981-15-1304-6_19,TRUE,FALSE,FALSE,FALSE,FALSE,,FALSE,TRUE,FALSE,FALSE,FALSE,,TRUE,FALSE,FALSE,FALSE,FALSE,,FALSE,TRUE,FALSE,FALSE,FALSE,Same,,,,,
10.1007/978-3-319-99073-6_22,TRUE,FALSE,FALSE,FALSE,FALSE,,FALSE,TRUE,FALSE,FALSE,FALSE,,TRUE,FALSE,FALSE,FALSE,FALSE,,FALSE,TRUE,FALSE,FALSE,FALSE,Same,,,,,
10.1145/3278532.3278561,TRUE,FALSE,FALSE,FALSE,FALSE,,FALSE,TRUE,FALSE,FALSE,FALSE,,TRUE,FALSE,FALSE,FALSE,FALSE,,FALSE,TRUE,FALSE,FALSE,FALSE,Same,,,,,
10.1007/978-3-319-15509-8_21,TRUE,TRUE,TRUE,TRUE,TRUE,,FALSE,FALSE,FALSE,FALSE,FALSE,,TRUE,TRUE,TRUE,TRUE,TRUE,,FALSE,FALSE,FALSE,FALSE,FALSE,Same,,,,,
10.1016/j.comnet.2015.08.012,TRUE,TRUE,TRUE,TRUE,TRUE,,FALSE,FALSE,FALSE,FALSE,FALSE,,TRUE,TRUE,TRUE,TRUE,TRUE,,FALSE,FALSE,FALSE,FALSE,FALSE,Same,,,,,
10.1145/3267323.3268955,TRUE,FALSE,FALSE,FALSE,FALSE,,FALSE,TRUE,FALSE,FALSE,FALSE,,TRUE,FALSE,FALSE,FALSE,FALSE,,FALSE,TRUE,FALSE,FALSE,FALSE,Same,,,,,
10.1109/CSPA48992.2020.9068729,TRUE,FALSE,FALSE,FALSE,FALSE,,FALSE,TRUE,FALSE,FALSE,FALSE,,TRUE,FALSE,FALSE,FALSE,FALSE,,FALSE,TRUE,FALSE,FALSE,FALSE,Same,,,,,
10.1007/978-3-319-30505-9_3,TRUE,FALSE,FALSE,FALSE,FALSE,,FALSE,TRUE,FALSE,FALSE,FALSE,,TRUE,FALSE,FALSE,FALSE,FALSE,,FALSE,TRUE,FALSE,FALSE,FALSE,Same,,,,,
10.1145/3212480.3212489,TRUE,FALSE,FALSE,FALSE,FALSE,,FALSE,TRUE,FALSE,FALSE,FALSE,,TRUE,FALSE,FALSE,FALSE,FALSE,,FALSE,TRUE,FALSE,FALSE,FALSE,Same,,,,,
10.1145/3559613.3563200,TRUE,FALSE,FALSE,FALSE,FALSE,,FALSE,TRUE,FALSE,FALSE,FALSE,,TRUE,FALSE,FALSE,FALSE,FALSE,,FALSE,TRUE,FALSE,FALSE,FALSE,Same,,,,,
10.1007/978-3-642-31284-7_25,TRUE,FALSE,FALSE,FALSE,FALSE,,FALSE,TRUE,FALSE,FALSE,FALSE,,TRUE,FALSE,FALSE,FALSE,FALSE,,FALSE,TRUE,FALSE,FALSE,FALSE,Same,,,,,
10.1145/2872427.2883034,TRUE,FALSE,FALSE,FALSE,FALSE,,FALSE,TRUE,FALSE,FALSE,FALSE,,TRUE,FALSE,FALSE,FALSE,FALSE,,FALSE,TRUE,FALSE,FALSE,FALSE,Same,,,,,
10.1109/INFOCOM42981.2021.9488842,TRUE,TRUE,TRUE,TRUE,TRUE,,FALSE,FALSE,FALSE,FALSE,FALSE,,TRUE,TRUE,TRUE,TRUE,TRUE,,FALSE,FALSE,FALSE,FALSE,FALSE,Same,,,,,
10.1007/978-3-030-37228-6_18,TRUE,TRUE,TRUE,TRUE,TRUE,,FALSE,FALSE,FALSE,FALSE,FALSE,,TRUE,TRUE,TRUE,TRUE,TRUE,,FALSE,FALSE,FALSE,FALSE,FALSE,Same,,,,,
10.1007/978-3-031-70804-6_14,TRUE,FALSE,FALSE,FALSE,FALSE,,FALSE,TRUE,FALSE,FALSE,FALSE,,TRUE,FALSE,FALSE,FALSE,FALSE,,FALSE,TRUE,FALSE,FALSE,FALSE,Same,,,,,
10.1109/MOBILSoft59058.2023.00011,TRUE,FALSE,FALSE,FALSE,FALSE,,FALSE,TRUE,FALSE,FALSE,FALSE,,TRUE,FALSE,FALSE,FALSE,FALSE,,FALSE,TRUE,FALSE,FALSE,FALSE,Same,,,,,
10.1109/GLOCOM.2015.7417499,TRUE,TRUE,TRUE,TRUE,TRUE,,FALSE,FALSE,FALSE,FALSE,FALSE,,TRUE,TRUE,TRUE,TRUE,TRUE,,FALSE,FALSE,FALSE,FALSE,FALSE,Same,,,,,
10.1145/3603216.3624965,TRUE,FALSE,FALSE,FALSE,FALSE,,FALSE,TRUE,FALSE,FALSE,FALSE,,TRUE,FALSE,FALSE,FALSE,FALSE,,FALSE,TRUE,FALSE,FALSE,FALSE,Same,,,,,
10.23919/CNSM50824.2020.9269065,TRUE,TRUE,TRUE,TRUE,TRUE,,FALSE,FALSE,FALSE,FALSE,FALSE,,TRUE,TRUE,TRUE,TRUE,TRUE,,FALSE,FALSE,FALSE,FALSE,FALSE,Same,,,,,
10.56553/popets-2023-0052,TRUE,FALSE,FALSE,FALSE,FALSE,,FALSE,TRUE,FALSE,FALSE,FALSE,,TRUE,FALSE,FALSE,FALSE,FALSE,,FALSE,TRUE,FALSE,FALSE,FALSE,Same,,,,,
10.1145/3442381.3450056,TRUE,FALSE,FALSE,FALSE,FALSE,,FALSE,TRUE,FALSE,FALSE,FALSE,,TRUE,FALSE,FALSE,FALSE,FALSE,,FALSE,TRUE,FALSE,FALSE,FALSE,Same,,,,,
10.1007/978-3-642-29615-4_4,TRUE,FALSE,FALSE,FALSE,FALSE,,FALSE,TRUE,FALSE,FALSE,FALSE,,TRUE,FALSE,FALSE,FALSE,FALSE,,FALSE,TRUE,FALSE,FALSE,FALSE,Same,,,,,
10.1109/ICCSMT58129.2022.00029,TRUE,TRUE,TRUE,TRUE,TRUE,,FALSE,FALSE,FALSE,FALSE,FALSE,,TRUE,TRUE,TRUE,TRUE,TRUE,,FALSE,FALSE,FALSE,FALSE,FALSE,Same,,,,,
10.1109/ACCESS.2020.2977879,FALSE,FALSE,FALSE,FALSE,FALSE,,TRUE,FALSE,FALSE,FALSE,FALSE,,FALSE,FALSE,FALSE,FALSE,FALSE,,TRUE,FALSE,FALSE,FALSE,FALSE,Same,,,,,
10.1109/BWCCA.2015.105,TRUE,FALSE,FALSE,FALSE,FALSE,,FALSE,TRUE,FALSE,FALSE,FALSE,,TRUE,FALSE,FALSE,FALSE,FALSE,,FALSE,TRUE,FALSE,FALSE,FALSE,Same,,,,,
10.1109/PCCC.2018.8710841,TRUE,FALSE,FALSE,FALSE,FALSE,,FALSE,TRUE,FALSE,FALSE,FALSE,,TRUE,FALSE,FALSE,FALSE,FALSE,,FALSE,TRUE,FALSE,FALSE,FALSE,Same,,,,,
10.1109/WAINA.2010.134,TRUE,TRUE,TRUE,TRUE,TRUE,,FALSE,FALSE,FALSE,FALSE,FALSE,,TRUE,TRUE,TRUE,TRUE,TRUE,,FALSE,FALSE,FALSE,FALSE,FALSE,Same,,,,,
10.1016/j.cose.2022.102873,TRUE,FALSE,FALSE,FALSE,FALSE,,FALSE,TRUE,FALSE,FALSE,FALSE,,TRUE,FALSE,FALSE,FALSE,FALSE,,FALSE,TRUE,FALSE,FALSE,FALSE,Same,,,,,
10.1145/2950290.2950352,TRUE,FALSE,FALSE,FALSE,FALSE,,FALSE,TRUE,FALSE,FALSE,FALSE,,TRUE,FALSE,FALSE,FALSE,FALSE,,FALSE,TRUE,FALSE,FALSE,FALSE,Same,,,,,
10.56553/popets-2024-0048,TRUE,TRUE,TRUE,TRUE,TRUE,,FALSE,FALSE,FALSE,FALSE,FALSE,,TRUE,FALSE,FALSE,FALSE,FALSE,,FALSE,TRUE,FALSE,FALSE,FALSE,Different,,,,*,increases transparency
10.1145/3340764.3340790,TRUE,FALSE,FALSE,FALSE,FALSE,,FALSE,TRUE,FALSE,FALSE,FALSE,,TRUE,FALSE,FALSE,FALSE,FALSE,,FALSE,TRUE,FALSE,FALSE,FALSE,Same,,,,,
10.1109/HotWeb.2016.21,TRUE,FALSE,FALSE,FALSE,FALSE,,FALSE,TRUE,FALSE,FALSE,FALSE,,TRUE,FALSE,FALSE,FALSE,FALSE,,FALSE,TRUE,FALSE,FALSE,FALSE,Same,,,,,
10.56553/popets-2024-0101,TRUE,FALSE,FALSE,FALSE,FALSE,,FALSE,TRUE,FALSE,FALSE,FALSE,,TRUE,FALSE,FALSE,FALSE,FALSE,,FALSE,TRUE,FALSE,FALSE,FALSE,Same,,,,,
,TRUE,FALSE,FALSE,FALSE,FALSE,,FALSE,TRUE,FALSE,FALSE,FALSE,,TRUE,FALSE,FALSE,FALSE,FALSE,,FALSE,TRUE,FALSE,FALSE,FALSE,Same,,,,,
10.1145/3392144,TRUE,FALSE,FALSE,FALSE,FALSE,,FALSE,TRUE,FALSE,FALSE,FALSE,,TRUE,FALSE,FALSE,FALSE,FALSE,,FALSE,TRUE,FALSE,FALSE,FALSE,Same,,,,,
10.2478/popets-2022-0053,TRUE,FALSE,FALSE,FALSE,FALSE,,FALSE,TRUE,FALSE,FALSE,FALSE,,TRUE,FALSE,FALSE,FALSE,FALSE,,FALSE,TRUE,FALSE,FALSE,FALSE,Same,,,,,
10.1109/SP46214.2022.9833670,TRUE,TRUE,TRUE,TRUE,TRUE,,FALSE,FALSE,FALSE,FALSE,FALSE,,TRUE,TRUE,TRUE,TRUE,TRUE,,FALSE,FALSE,FALSE,FALSE,FALSE,Same,,,,,
10.1109/SP.2017.18,TRUE,FALSE,FALSE,FALSE,FALSE,,FALSE,TRUE,FALSE,FALSE,FALSE,,TRUE,FALSE,FALSE,FALSE,FALSE,,FALSE,TRUE,FALSE,FALSE,FALSE,Same,,,,,
10.1007/978-3-319-29883-2_20,TRUE,FALSE,FALSE,FALSE,FALSE,,FALSE,TRUE,FALSE,FALSE,FALSE,,TRUE,FALSE,FALSE,FALSE,FALSE,,FALSE,TRUE,FALSE,FALSE,FALSE,Same,,,,,
10.1007/978-3-030-42051-2_7,TRUE,FALSE,FALSE,FALSE,FALSE,,FALSE,TRUE,FALSE,FALSE,FALSE,,TRUE,FALSE,FALSE,FALSE,FALSE,,FALSE,TRUE,FALSE,FALSE,FALSE,Same,,,,,
10.56553/popets-2023-0112,TRUE,FALSE,FALSE,FALSE,FALSE,,FALSE,TRUE,FALSE,FALSE,FALSE,,TRUE,FALSE,FALSE,FALSE,FALSE,,FALSE,TRUE,FALSE,FALSE,FALSE,Same,,,,,
10.1145/3517745.3561435,TRUE,FALSE,FALSE,FALSE,FALSE,,FALSE,TRUE,FALSE,FALSE,FALSE,,TRUE,FALSE,FALSE,FALSE,FALSE,,FALSE,TRUE,FALSE,FALSE,FALSE,Same,,,,,
,,,,,,,,,,,,,,,,,,,,,,,,,,,,,